"id","name","email","user","amount","ngoname","project","status","transactionid","Type Of Donation","corporate","mobile","city","address","pan","dob","istax","anonymous","give","referral",
"2","3","3@a.com","wohlig","3","NGO","1","Pending","9879878978","Amount","Advertiser1","","","","","0000-00-00","0","","0","",
"3","name","avi@avi.com","wohlig","500","NGO2","Project1","Pending","null","Amount","Advertiser2","11212","city","address","pan","2015-01-01","0","","0","",
"4","name","avi@avi.com","","500","NGO2","Project1","Pending","null","Amount","Advertiser2","11212","city","address","pan","2015-01-01","1","","0","",
"5","name","avinash@wohlig.com","","500","NGO2","Project1","Confirm","null","Amount","Advertiser2","11212","city","address","pan","2015-01-01","1","","0","",
